frame,type,left,reference,left_label,reference_label,iou
adasind_167700.jpg,mismatching_attributes,6,6,ThreeWheeler,ThreeWheeler,0.911
adasind_167700.jpg,mismatching_label,5,4,Truck,Car,0.783
adasind_167700.jpg,missing_annotation,,2,,Bike,N/A
adasind_167700.jpg,missing_annotation,,8,,Truck,N/A
adasind_199770.jpg,mismatching_attributes,7,2,ThreeWheeler,ThreeWheeler,0.655
adasind_199770.jpg,missing_annotation,,3,,Pedestrian,N/A
adasind_199770.jpg,missing_annotation,,4,,ThreeWheeler,N/A
adasind_199770.jpg,missing_annotation,,5,,Bike,N/A
adasind_199770.jpg,missing_annotation,,6,,Bike,N/A
